agency_id,agency_name
000000000000,전체
000000000001,"개인 사용자"
000000000002,"SCC 테스트"
014211001000,춘천시청
014211001001,춘천시장애인종합복지관
014211001002,춘천시개인
014211001003,동부노인복지관
014211001004,별빛마을
014211001005,남부노인복지관
014211001006,북부노인복지관
014518001000,"정읍시 치매안심센터"
014518001001,"정읍시 치매안심센터"
014833001000,양산시청
014833001001,"양산시청 사회복지과"
024623001000,광양시청
024623001002,"광양시 노인 전문 요양원"
024623001901,"광양시 재가"
024782001000,"청도군 스마트시티"
024782001001,신도1리
024782001002,신도2리
031153002000,구로구청
031153002001,궁동종합사회복지관
031153002002,구로어르신돌봄통합센터
031153002003,온수어르신복지관
031153002004,동주민센터
031153002005,구로건강복지센터
031153002006,화원종합사회복지관
031153002007,구로종합사회복지관
031153002008,구로노인종합복지관
031153002009,"구로구청 스마트시티과"
031154502000,금천구청
031154502001,금천구노인복지관
031159002000,동작구청
031159002001,노량진1동주민센터
032729002000,"대구 수성구청"
032729002001,"황금 복지관"
032729002002,범물복지관
032729002003,지산복지관
034420001000,아산시청
034420001001,아산시노인종합복지관
034420001002,아산시노인종합복지관체온
034420001003,아산시노인복지관
034420001004,온양노인복지센터
043011002000,"대전 동구청"
043011002001,"행복한 복지관"
043011002002,"정다운 복지관"
043011002003,금성노인복지센터
043011002004,선우노인복지센터
043011002005,대전동구청2020
043011002090,지사-04
044159001000,화성시
044159001001,화성시자살예방센터
053000001000,대전시
053000001001,유성구노인복지관
053000001002,대덕종합사회복지관
053000001003,대전시노인복지관
053000001004,서구노인복지관
053000001005,대전지방보훈청
074413001000,천안시청
074413001001,천안시청
074678002000,보성군청
074678002001,보성종합사회복지관
074678002002,"사회적협동조합 보성지역자활센터"
074678002003,"보성군 노인복지관"
191220123000,팜월드상급기관
191220123001,팜월드하급기관
191220123002,"파주시 치매안심센터"
191220123003,"계양구 치매안심센터"
191220123004,"강릉시 치매안심센터"
191220123005,"일산동구 치매안심센터"
191220123006,"대구북구 치매안심센터"
191220123007,"용인시 처인구 치매안심센터"
191220123008,"부산 금정구 치매안심센터"
191220123009,"안성시 치매안심센터"
191220123010,"경기도 가평군 치매안심센터"
191220123011,"경기도 광주 치매안심센터"
191220123012,"노원구 보건소"
191220123013,"함양군 보건소 치매안심센터"
191220123014,"양양군 치매안심센터"
191220123015,"강화군 치매안심센터"
191220123017,강화군정신건강증진센터
204211001000,강원대프로젝트
204211001001,강원대환경센서인형
211117003000,용산구치매안심센터
211117003001,용산구치매안심센터
211126003000,"서울 의료원"
211126003001,"서울 의료원"
211126003002,"성동구 보건소"
211138001000,서울시
211138001001,갈현1동주민센터
211156001000,"신길3동 주민센터"
211156001002,"신길3동 주민센터"
212911003000,광주동구보건소
212911003001,광주동구보건소
214136003000,"남양주 치매안심센터"
214136003001,"남양주 치매안심센터"
214423003000,"논산시 보건소"
214423003001,"논산시 보건소"
222826002000,검단동행정복지센터
222826002001,검단노인복지관
224480004000,"홍성군 구항면행정복지센터"
224480004001,"홍성군 구항면행정복지센터"
224481003000,"충남 예산군보건소"
224481003001,"충남 예산군보건소"
412915504000,"광주남구 장애인종합복지관"
412915504001,"광주남구 장애인종합복지관"
414128101000,사회복지법인효샘
414128101001,효심재가노인지원
414148001000,파주시청
414148001001,파주시노인복지관
414211004000,춘천효자종합복지관
414211004001,춘천효자종합복지관
414219004000,강원도
414219004001,태백노인복지센터
414812504000,경상남도
414812504001,금강노인종합복지관
414812504002,금강노인문화센터
414812504003,창원어르신센터
415011004000,제주시
415011004001,제주시홀로사는노인지원센터
415013004000,서귀포시
415013004001,서귀포시홀로사는노인지원센터
424128104000,고양시
424128104001,덕양노인복지관
424128704000,대화종합노인복지관
424128704001,대화종합노인복지관
434111104000,수원
434111104001,밤밭노인복지관
434111704000,광교종합사회복지관
434111704002,광교종합사회복지관
434163004000,양주시
434163004001,양주시장애인복지관
444113504000,성남고령친화체험관
444113504001,성남고령친화체험관(19.09)
451114004000,약수노인종합복지관
451114004001,약수노인종합복지관
451168004000,"수서 종합사회복지관"
451168004001,"수서 종합사회복지관"
452826004000,"인천 서구 노인복지관"
452826004001,"인천 서구 노인복지관"
454113504000,분당노인복지관
454113504001,분당노인복지관
454213004000,"원주 밥상공동체종합복지관"
454213004001,"원주 밥상공동체종합복지관"
464213004000,명륜종합사회복지관
464213004001,명륜종합사회복지관
471144004000,서울시노인종합복지관협회
471144004001,강북노인종합복지관
471144004002,강서노인종합복지관
471144004003,광진노인종합복지관
471144004004,금천호암노인종합복지관
471144004005,도봉노인종합복지관
471144004006,동대문노인종합복지관
471144004007,성가정노인종합복지관
471144004008,성동노인종합복지관
471144004009,성북노인종합복지관
471144004010,송파노인종합복지관
471144004011,양천어르신종합복지관
471144004012,용산노인종합복지관
471144004013,은평노인종합복지관
471144004014,종로노인종합복지관
471144004015,중랑노인종합복지관
512817007000,인천시
512817007001,두뇌톡톡뇌건강학교
514111501000,경기복지재단
514111501001,부천재가센터
514111501002,남양주재가센터
514136004000,남양주서부희망케어센터
514136004001,남양주서부희망케어센터
514145004000,하남요양방문가정센터
514145004001,하남요양방문가정센터
514211001000,춘천시
514211001022,"별빛마을 리빙랩"
514211001029,개인
514211001030,"춘천시 정신건강복지센터"
711141001000,타임뱅크코리아
711141001001,타임뱅크코리아
712105060000,애드에이블
712105060001,충주시치매안심센터
714623007000,포스코
714623007001,"포스코 광양"
724213007000,적십자사
724213007001,"적십자사 대구광역지사"
901234501000,"SCC B2C"
901234501001,네이버팜
901234501002,오더스테이션
992009231000,임베디드센터
992009231001,임베디드센터연구소
